"spid","hill_tp","hill_ga","hill_gw"
"R1881",5.75754729101838,-3.49669992489282,1.050978827712
"Testosterone",4.55131806951384,-1.04311555993476,1.23996549038927
