"spid","hill_tp","hill_ga","hill_gw"
"Amitrole",11.5983603737307,-0.873114844582502,1.1858827406348
"Cyproterone acetate",94.4814390631358,-0.620012535769767,0.964955389605142
"Hydroxyflutamide",97.9973726186147,-0.107095670325383,0.792155830869603
"Mifepristone",97.5412474859078,-0.56767347052834,1.09376994138095
"Nilutamide",106.859552157056,0.512740062384931,0.705875466118573
"Spironolactone",79.4033764112193,-0.156764167667044,1.08910247251683
